{
  "tl": [
    5.905157,
    1.807173,
    0.875496,
    0.85483,
    0.843068,
    0.832217,
    0.823799,
    0.816038,
    0.811012,
    0.807998,
    0.806939,
    0.805545,
    0.804869,
    0.803381,
    0.80296,
    0.802074,
    0.801643,
    0.801033,
    0.800394,
    0.800472,
    0.799756,
    0.799356,
    0.798812,
    0.799095,
    0.798841,
    0.799292,
    0.798171,
    0.798328,
    0.798456,
    0.798242,
    0.798273,
    0.798683,
    0.798058,
    0.798219,
    0.797859,
    0.797754,
    0.798431,
    0.797832,
    0.797374,
    0.797816,
    0.797274,
    0.79807,
    0.797936,
    0.798356,
    0.797448,
    0.797493,
    0.798238,
    0.798227,
    0.797616,
    0.797661,
    0.798033,
    0.797573,
    0.797647,
    0.797633,
    0.797268,
    0.797462,
    0.797359,
    0.797491,
    0.797492,
    0.797687,
    0.797501,
    0.797512,
    0.797461,
    0.797179,
    0.7975,
    0.797347,
    0.797005,
    0.79737,
    0.797392,
    0.797369,
    0.797494,
    0.7974,
    0.797415,
    0.79728,
    0.797471,
    0.797409,
    0.797367,
    0.797286,
    0.797322,
    0.797505,
    0.79685,
    0.796864,
    0.797011,
    0.797018,
    0.796835
  ],
  "vl": [
    5.88567,
    0.827079,
    0.811815,
    0.807389,
    0.804979,
    0.803643,
    0.803007,
    0.802882,
    0.802019,
    0.802129,
    0.801888,
    0.802058,
    0.801792,
    0.802585,
    0.801937,
    0.801733,
    0.802166,
    0.80219,
    0.801857,
    0.802021,
    0.801823,
    0.801712,
    0.801389,
    0.801651,
    0.802285,
    0.801538,
    0.801957,
    0.801795,
    0.8031,
    0.801238,
    0.801512,
    0.801529,
    0.80231,
    0.802233,
    0.802069,
    0.802395,
    0.801741,
    0.801461,
    0.801692,
    0.801601,
    0.801731,
    0.801723,
    0.801611,
    0.801682,
    0.801231,
    0.802366,
    0.801765,
    0.801493,
    0.801753,
    0.80176,
    0.80162,
    0.801745,
    0.801756,
    0.801466,
    0.801774,
    0.801765,
    0.801976,
    0.802048,
    0.801476,
    0.80193,
    0.801365,
    0.801841,
    0.801722,
    0.801988,
    0.80156,
    0.801567,
    0.802127,
    0.801556,
    0.801644,
    0.801931,
    0.801857,
    0.801516,
    0.802618,
    0.801777,
    0.802274,
    0.801428,
    0.802425,
    0.80158,
    0.802026,
    0.802871,
    0.802269,
    0.802142,
    0.802718,
    0.802442,
    0.802264
  ],
  "tpa": [
    0.0,
    0.95868,
    0.999102,
    0.999187,
    0.999179,
    0.999245,
    0.999237,
    0.99921,
    0.999206,
    0.999295,
    0.999183,
    0.999318,
    0.999191,
    0.999241,
    0.999237,
    0.999264,
    0.999299,
    0.999304,
    0.999264,
    0.999218,
    0.999264,
    0.999283,
    0.999295,
    0.999241,
    0.999272,
    0.999217,
    0.999257,
    0.999226,
    0.999233,
    0.999227,
    0.999233,
    0.99923,
    0.999276,
    0.999199,
    0.999272,
    0.99923,
    0.999218,
    0.999287,
    0.999368,
    0.999297,
    0.999426,
    0.999283,
    0.99929,
    0.999199,
    0.99931,
    0.999345,
    0.999222,
    0.999222,
    0.99931,
    0.999318,
    0.99921,
    0.999303,
    0.999287,
    0.999268,
    0.99931,
    0.999299,
    0.999299,
    0.999301,
    0.999322,
    0.999276,
    0.999321,
    0.999326,
    0.999314,
    0.999384,
    0.999359,
    0.999313,
    0.999353,
    0.999299,
    0.999287,
    0.999291,
    0.999276,
    0.999268,
    0.999263,
    0.999318,
    0.999295,
    0.999282,
    0.999303,
    0.99931,
    0.999363,
    0.99923,
    0.999367,
    0.999326,
    0.999368,
    0.999345,
    0.999314
  ],
  "vpa": [
    0.0,
    0.998893,
    0.998893,
    0.998862,
    0.998893,
    0.998893,
    0.998877,
    0.998877,
    0.998831,
    0.998831,
    0.998862,
    0.998893,
    0.9988,
    0.998877,
    0.998862,
    0.998877,
    0.998862,
    0.998862,
    0.998862,
    0.998877,
    0.998862,
    0.998877,
    0.998877,
    0.998831,
    0.998877,
    0.998893,
    0.998893,
    0.998893,
    0.998016,
    0.998893,
    0.998893,
    0.998831,
    0.998831,
    0.998877,
    0.998808,
    0.998647,
    0.998893,
    0.998877,
    0.998893,
    0.998893,
    0.998877,
    0.998862,
    0.998816,
    0.998862,
    0.998877,
    0.998893,
    0.998862,
    0.998739,
    0.998877,
    0.998862,
    0.998862,
    0.998862,
    0.998862,
    0.998877,
    0.998877,
    0.998862,
    0.998754,
    0.998877,
    0.998862,
    0.998862,
    0.9988,
    0.998754,
    0.998877,
    0.998862,
    0.998862,
    0.998877,
    0.998862,
    0.998862,
    0.998862,
    0.998877,
    0.998862,
    0.998862,
    0.998862,
    0.998877,
    0.998862,
    0.998862,
    0.998862,
    0.998877,
    0.998862,
    0.998754,
    0.998862,
    0.998862,
    0.998847,
    0.998877,
    0.998862
  ],
  "toa": [
    6.2e-05,
    0.923941,
    0.977148,
    0.98353,
    0.987121,
    0.987901,
    0.987665,
    0.988209,
    0.988006,
    0.988047,
    0.988116,
    0.988182,
    0.988267,
    0.988604,
    0.988641,
    0.988557,
    0.988346,
    0.988407,
    0.988711,
    0.988452,
    0.988699,
    0.988731,
    0.988888,
    0.988905,
    0.988716,
    0.988648,
    0.989018,
    0.988821,
    0.988751,
    0.988913,
    0.988911,
    0.988749,
    0.989,
    0.989373,
    0.989313,
    0.989309,
    0.988914,
    0.989117,
    0.98913,
    0.989188,
    0.989207,
    0.988732,
    0.989118,
    0.989031,
    0.989382,
    0.989537,
    0.989095,
    0.989046,
    0.989424,
    0.989342,
    0.989071,
    0.989198,
    0.989335,
    0.989404,
    0.98949,
    0.989546,
    0.989407,
    0.989358,
    0.989342,
    0.989328,
    0.989361,
    0.989481,
    0.989421,
    0.989309,
    0.989149,
    0.989808,
    0.989683,
    0.989512,
    0.989589,
    0.989704,
    0.98945,
    0.989624,
    0.989677,
    0.989632,
    0.98962,
    0.989834,
    0.989682,
    0.989657,
    0.989515,
    0.989818,
    0.990153,
    0.990026,
    0.989878,
    0.989897,
    0.990022
  ],
  "voa": [
    0.0,
    0.978666,
    0.982019,
    0.985919,
    0.985711,
    0.985819,
    0.985926,
    0.985249,
    0.985773,
    0.985988,
    0.985503,
    0.985911,
    0.985834,
    0.985749,
    0.985765,
    0.98515,
    0.985749,
    0.985726,
    0.985834,
    0.985034,
    0.985657,
    0.985826,
    0.98588,
    0.985965,
    0.985103,
    0.985657,
    0.984595,
    0.98598,
    0.984503,
    0.98578,
    0.986326,
    0.985611,
    0.985742,
    0.985618,
    0.985211,
    0.984719,
    0.985757,
    0.985303,
    0.985842,
    0.985857,
    0.985073,
    0.985665,
    0.985749,
    0.985842,
    0.986011,
    0.985457,
    0.985542,
    0.98505,
    0.985119,
    0.985711,
    0.984965,
    0.985311,
    0.985426,
    0.985441,
    0.985849,
    0.985803,
    0.98538,
    0.985573,
    0.985988,
    0.98538,
    0.986019,
    0.985657,
    0.985649,
    0.985388,
    0.985419,
    0.985696,
    0.985541,
    0.98545,
    0.986019,
    0.985734,
    0.985557,
    0.986087,
    0.985195,
    0.98545,
    0.985319,
    0.986465,
    0.984972,
    0.985311,
    0.984926,
    0.984941,
    0.985264,
    0.985172,
    0.984649,
    0.985111,
    0.985542
  ],